{"24": {"mean": 8.741581730769232, "std": 4.535474839469613, "num_of_files": 26, "sum_len": 227.28112500000003}, "28": {"mean": 71.52389583333334, "std": 95.18537630901001, "num_of_files": 15, "sum_len": 1072.8584375}, "15": {"mean": 11.169906249999999, "std": 6.91424403840567, "num_of_files": 14, "sum_len": 156.37868749999998}, "19": {"mean": 117.7276304347826, "std": 80.84327830484547, "num_of_files": 23, "sum_len": 2707.7355}, "32": {"mean": 77.96705113636365, "std": 99.07925804305404, "num_of_files": 11, "sum_len": 857.6375625000002}, "31": {"mean": 60.20382894736842, "std": 141.51545651714406, "num_of_files": 19, "sum_len": 1143.87275}, "64": {"mean": 4.150452168367347, "std": 2.5958581851132525, "num_of_files": 98, "sum_len": 406.74431250000004}, "26": {"mean": 46.02234027777778, "std": 76.17135509207247, "num_of_files": 27, "sum_len": 1242.6031875}, "42": {"mean": 15.491314655172415, "std": 36.22998365435304, "num_of_files": 29, "sum_len": 449.248125}, "9": {"mean": 14.453971093749999, "std": 7.984018619394512, "num_of_files": 80, "sum_len": 1156.3176875}, "49": {"mean": 33.0490390625, "std": 22.81616006481929, "num_of_files": 8, "sum_len": 264.3923125}, "13": {"mean": 27.79888920454545, "std": 49.74945733643597, "num_of_files": 22, "sum_len": 611.5755624999999}, "12": {"mean": 12.192042857142857, "std": 7.191494472511486, "num_of_files": 35, "sum_len": 426.7215}, "34": {"mean": 45.8606015625, "std": 45.56403028748666, "num_of_files": 32, "sum_len": 1467.53925}, "54": {"mean": 10.471763020833334, "std": 10.475580731348986, "num_of_files": 48, "sum_len": 502.644625}, "29": {"mean": 68.14435995370371, "std": 75.2584437625077, "num_of_files": 54, "sum_len": 3679.7954375000004}, "36": {"mean": 38.76681465517241, "std": 41.411208227116504, "num_of_files": 29, "sum_len": 1124.237625}, "44": {"mean": 3.475161684782609, "std": 1.543611307610731, "num_of_files": 46, "sum_len": 159.8574375}, "65": {"mean": 8.127049479166667, "std": 4.252455744321755, "num_of_files": 24, "sum_len": 195.04918750000002}, "61": {"mean": 29.047196917808222, "std": 50.942845878355286, "num_of_files": 73, "sum_len": 2120.4453750000002}, "39": {"mean": 31.51532236842105, "std": 55.52174983369212, "num_of_files": 57, "sum_len": 1796.373375}, "41": {"mean": 55.7852875, "std": 79.8389593704478, "num_of_files": 20, "sum_len": 1115.70575}, "33": {"mean": 52.59324431818182, "std": 122.92113182572139, "num_of_files": 44, "sum_len": 2314.10275}, "17": {"mean": 29.739672348484845, "std": 35.417746582073065, "num_of_files": 66, "sum_len": 1962.8183749999998}, "10": {"mean": 13.969262931034484, "std": 13.721717900297298, "num_of_files": 58, "sum_len": 810.21725}, "55": {"mean": 23.132011627906977, "std": 53.94842022133355, "num_of_files": 43, "sum_len": 994.6764999999999}, "37": {"mean": 12.826354166666667, "std": 16.892455664810452, "num_of_files": 30, "sum_len": 384.790625}, "40": {"mean": 36.36942456896552, "std": 49.41955040249231, "num_of_files": 29, "sum_len": 1054.7133125}, "3": {"mean": 9.828784722222222, "std": 7.1013249427087, "num_of_files": 9, "sum_len": 88.4590625}, "16": {"mean": 65.36123076923079, "std": 38.8947120532259, "num_of_files": 13, "sum_len": 849.6960000000001}, "5": {"mean": 33.038415865384614, "std": 76.68229157754232, "num_of_files": 26, "sum_len": 858.9988125}, "45": {"mean": 105.42350624999999, "std": 116.30037070540745, "num_of_files": 10, "sum_len": 1054.2350625}, "38": {"mean": 13.919143895348837, "std": 7.4095957040184395, "num_of_files": 43, "sum_len": 598.5231875}, "46": {"mean": 30.697715909090906, "std": 27.725317250320874, "num_of_files": 22, "sum_len": 675.34975}, "43": {"mean": 18.567948863636364, "std": 53.021320574955325, "num_of_files": 33, "sum_len": 612.7423125}, "53": {"mean": 22.53059375, "std": 20.28685026199815, "num_of_files": 8, "sum_len": 180.24475}, "11": {"mean": 19.492209134615383, "std": 22.09283013766161, "num_of_files": 52, "sum_len": 1013.5948749999999}, "59": {"mean": 52.73867067307693, "std": 68.47239747637751, "num_of_files": 26, "sum_len": 1371.2054375000002}, "30": {"mean": 56.317128472222215, "std": 56.425505956090575, "num_of_files": 18, "sum_len": 1013.7083124999999}, "56": {"mean": 39.35283571428571, "std": 74.56751630549397, "num_of_files": 35, "sum_len": 1377.34925}, "7": {"mean": 247.16687499999995, "std": 288.7061595577613, "num_of_files": 7, "sum_len": 1730.1681249999997}, "62": {"mean": 56.285399999999996, "std": 104.83659471862218, "num_of_files": 20, "sum_len": 1125.7079999999999}, "21": {"mean": 55.72609615384616, "std": 53.825711515417936, "num_of_files": 26, "sum_len": 1448.8785}, "8": {"mean": 35.18584475806452, "std": 32.65092865268582, "num_of_files": 31, "sum_len": 1090.7611875}, "20": {"mean": 26.192276785714288, "std": 14.889506915370847, "num_of_files": 7, "sum_len": 183.34593750000002}, "47": {"mean": 33.32759926470588, "std": 31.349115218716307, "num_of_files": 17, "sum_len": 566.5691875}, "50": {"mean": 24.091403409090905, "std": 14.339307806773272, "num_of_files": 11, "sum_len": 265.00543749999997}, "23": {"mean": 19.281825, "std": 17.612351484897697, "num_of_files": 20, "sum_len": 385.6365}, "14": {"mean": 19.636341346153845, "std": 17.900008202646635, "num_of_files": 13, "sum_len": 255.2724375}, "35": {"mean": 19.79845138888889, "std": 10.845538943644328, "num_of_files": 9, "sum_len": 178.1860625}, "27": {"mean": 54.96665625, "std": 44.25057016389698, "num_of_files": 18, "sum_len": 989.3998125}, "63": {"mean": 6.220296195652174, "std": 6.596047934741741, "num_of_files": 23, "sum_len": 143.0668125}, "60": {"mean": 4.606530523255814, "std": 2.5235403598401245, "num_of_files": 43, "sum_len": 198.0808125}, "52": {"mean": 13.261328125000002, "std": 4.64912028375711, "num_of_files": 8, "sum_len": 106.09062500000002}, "58": {"mean": 63.765562499999994, "std": 92.79836238525233, "num_of_files": 13, "sum_len": 828.9523125}, "1": {"mean": 10.771441964285716, "std": 4.7016224574504015, "num_of_files": 14, "sum_len": 150.80018750000002}, "4": {"mean": 20.998555555555555, "std": 20.955959870192416, "num_of_files": 9, "sum_len": 188.987}, "57": {"mean": 81.1311517857143, "std": 89.98713210081003, "num_of_files": 7, "sum_len": 567.9180625}, "51": {"mean": 10.581666666666667, "std": 5.018367651825531, "num_of_files": 6, "sum_len": 63.49}, "0": {"mean": 108.09690625, "std": 116.4524620921198, "num_of_files": 20, "sum_len": 2161.938125}, "6": {"mean": 27.933692708333336, "std": 34.120368792584365, "num_of_files": 12, "sum_len": 335.2043125}, "48": {"mean": 56.35744270833334, "std": 46.680812920341744, "num_of_files": 12, "sum_len": 676.2893125}, "18": {"mean": 9.09540625, "std": 5.404394846803502, "num_of_files": 8, "sum_len": 72.76325}, "2": {"mean": 6.6268214285714295, "std": 2.388108384627531, "num_of_files": 7, "sum_len": 46.387750000000004}, "22": {"mean": 23.212124999999997, "std": 41.95877871064256, "num_of_files": 20, "sum_len": 464.24249999999995}, "25": {"mean": 133.35460156250002, "std": 131.95478183744245, "num_of_files": 16, "sum_len": 2133.6736250000004}}